[   
	{
		"name": "Terminal remediation of the fluorine gas plant",//终末弥补氟气厂
		"uniqueTo": "Star Chain Vegato",//星链维加托
		"replaces": "Workshop",//所代替的建筑
		"cost":110,//花费
		"production":9, //产能
		"happiness":-1,//快乐
			"percentStatBonus": {"culture": -5},
		"specialistSlots": {"General": 1},
		"hurryCostModifier": 25,
		"maintenance": 4,//维护费
		"uniques": [
		"[-1 Science] per [3] population [in this city]"
		Your civilization has fluorine gas//您的文明拥有氟气了
		],
		"requiredTech": "Mathematics"//所需科技
	}
	]