[
		{
		"name": "Mostock",//莫斯托克
		"leaderName": "Breitkov",//布莱特科夫
		"adjective": ["x"],
		"preferredVictoryType": "Scientific",//当该文明作为ai时偏好路线 科技/征服/外交/文化/宗教 
		"startIntroPart1": "我们是莫斯托克",//介绍1
		"startIntroPart2": "我们是拥有智慧的人",//介绍2
		"declaringWar": "你要准备军队了！",//向玩家宣战
		"attacked":"意料之外 ！",//被玩家宣战
		"defeated": "理想是那么的璀璨... ...",//被玩家打败时
        "introduction": "图书馆里没有的东西？",//初见
        "neutralHello": "你做的怎样？~",//通常问候
        "hateHello": "小心点！",//战争时问候
        "tradeRequest": "要不要做一笔交易~",//向玩家申请交易时
		"outerColor": [255, 255, 255],//文明内部色*
		"innerColor": [200, 0, 0],//文明外部色*
		"favouredReligion": "P",//当作为ai时选择的宗教
		//"uniqueText": "获得免费的[Courthouse] [in annexed cities]\n[-77"
		"uniqueName": "Far sighted country",//文明特性名
		"uniques": [
		"[+2 Science] [in capital]",
		"[+1 Production] from every [Science]",
		"[+1] Movement <for [Ranged] units> "
			],//文明特性具体效果
			"cities": ["Mostock","Intermediate rectangle","rifai","Shinkot",]//城市
			
	},
	
	{
		"name": "Star Chain Vegato",//星链维加托
		"leaderName": "Deng",//登
		"adjective": ["x"],
		"preferredVictoryType": "Time",//当该文明作为ai时偏好路线 科技/征服/外交/文化/宗教 
		"startIntroPart1": "Hello",//介绍1
		"startIntroPart2": "we is good peoples",//介绍2
		"declaringWar": "I kill you！",//向玩家宣战
		"attacked":"Fxxx ！",//被玩家宣战
		"defeated": "爷！——！",//被玩家打败时
        "introduction": "are you kind？",//初见
        "neutralHello": "Hello~",//通常问候
        "hateHello": "give me die！",//战争时问候
        "tradeRequest": "Gold~",//向玩家申请交易时
		"outerColor": [107, 189, 230],//文明内部色*
		"innerColor": [50, 50, 50],//文明外部色*
		"favouredReligion": "P",//当作为ai时选择的宗教
		//"uniqueText": "获得免费的[Courthouse] [in annexed cities]\n[-77"
		"uniqueName": "Characteristic star link",//文明特性名
		"uniques": [
		"[+25]% Food is carried over after population increases [in all cities]",//每个城市 -25%人口增长食物需求
			"[-1 Happiness] [in all cities] <in cities with at least [3] [Population]>"//每个至少有3人口的城市-1快乐
			"[+1 Gold] per [2] population [in all cities]"//每两个人口加1金钱
			],//文明特性具体效果
			"cities": ["Star Chain Vegato"]//城市
			
	}
]