[
	{
		"name": "Analysis meeting",//分析会
		"terrainsCanBeBuiltOn": ["Land"],//可建造的地形
		"uniqueTo": "Mostock",//来自
		"turnsToBuild": 8,//建造时间
		"techRequired": "Calendar",//科技要求
		"production":1, 
			"science":1,
		"uniques": [
			"Gives a defensive bonus of [15]%",
			"Only available <with [0] to [0] neighboring [Analysis meeting] tiles>",//当与0到0个Analysis meeting相邻时可以存在（人话：没法相邻建造）
			"[+1 Science] <after discovering [Writing]>",//在研究文字之后
			"[+1 Culture] <after discovering [Philosophy]>",//在研究哲学之后
			"[-1 Food] <after discovering [Civil Service]>",//在研究文官之后
			"[-1 Faith] <after discovering [Theology]>",//在研究神学后
            "Pillaging this improvement yields approximately [+25 Gold]"//掠夺该设施的收益
            ],//特殊能力
	}
]