[
    {
		"name": "Reaction Guard",
		"uniqueTo": "Mostock",//莫斯托克
		"replaces": "Swordsman",//所代替原版的建筑（如果不想取代可以不写这项）
		"unitType": "Sword",
		"movement": 3,//行动力
		"strength": 15,//战斗力
		"cost": 80,//价格
		"uniques": [
			"Can move after attacking",//a完可以跑
		"No defensive terrain bonus"//无地形防御力加成
		 ],//特殊能力
		"requiredTech": "Iron Working",//解锁所需的科技
		"upgradesTo": "Longswordsman",//可升级为
"requiredResource": "Iron",
		"obsoleteTech": "Steel",//解锁什么科技时废弃
		"hurryCostModifier": 40,//快速升级价格
		"attackSound": "metalhit"//攻击声音
	}
]